{
  "Total" : {
    "transaction" : "Total",
    "sampleCount" : 10000,
    "errorCount" : 0,
    "errorPct" : 0.0,
    "meanResTime" : 6.0414999999999885,
    "medianResTime" : 5.0,
    "minResTime" : 2.0,
    "maxResTime" : 2268.0,
    "pct1ResTime" : 9.0,
    "pct2ResTime" : 11.0,
    "pct3ResTime" : 21.0,
    "throughput" : 159.28132267210347,
    "receivedKBytesPerSec" : 11.82166066707018,
    "sentKBytesPerSec" : 47.75328716829665
  },
  "HTTP Request" : {
    "transaction" : "HTTP Request",
    "sampleCount" : 10000,
    "errorCount" : 0,
    "errorPct" : 0.0,
    "meanResTime" : 6.0414999999999885,
    "medianResTime" : 5.0,
    "minResTime" : 2.0,
    "maxResTime" : 2268.0,
    "pct1ResTime" : 9.0,
    "pct2ResTime" : 11.0,
    "pct3ResTime" : 21.0,
    "throughput" : 159.28132267210347,
    "receivedKBytesPerSec" : 11.82166066707018,
    "sentKBytesPerSec" : 47.75328716829665
  }
}